<odoo>
    <data noupdate="1">

<record id="seq_new_form_sales" model="ir.sequence">
            <field name="name">new.form.sales</field>
            <field name="code">new.form.sales</field>
            <field name="prefix">SALE/</field>
            <field name="padding">5</field>
            <field name="company_id" eval="False"/>
        </record>
<record id="seq_sales_invoice_form" model="ir.sequence">
            <field name="name">sales.invoice.form</field>
            <field name="code">sales.invoice.form</field>
            <field name="prefix">REPORT/INV/</field>
            <field name="padding">5</field>
            <field name="company_id" eval="False"/>
        </record>
<record id="seq_credit_debit_form" model="ir.sequence">
            <field name="name">credit.debit.form</field>
            <field name="code">credit.debit</field>
            <field name="prefix">CREDIT/</field>
            <field name="padding">5</field>
            <field name="company_id" eval="False"/>
        </record>
<record id="seq_out_delivery_report" model="ir.sequence">
            <field name="name">outstanding.delivery.report</field>
            <field name="code">outstanding.delivery.report</field>
            <field name="prefix">OUT/DELI</field>
            <field name="padding">5</field>
            <field name="company_id" eval="False"/>
        </record>
<record id="seq_debit_note" model="ir.sequence">
            <field name="name">debit.note.report</field>
            <field name="code">debit.note</field>
            <field name="prefix">DEBIT/</field>
            <field name="padding">5</field>
            <field name="company_id" eval="False"/>
        </record>

    </data>
</odoo>