id,name,model_id:id,group_id:id,perm_read,perm_write,perm_create,perm_unlink
access_account_invoice_import_config_read,Read access on account.invoice.import.config to Invoicing and Payment,model_account_invoice_import_config,account.group_account_invoice,1,0,0,0
access_account_invoice_import_config_readonly_grp,Read access on account.invoice.import.config to Account Readonly grp,model_account_invoice_import_config,account.group_account_readonly,1,0,0,0
access_account_invoice_import_config_full,Full access on account.invoice.import.config to Account Manager,model_account_invoice_import_config,account.group_account_manager,1,1,1,1
access_account_invoice_import,Access to account.invoice.import wizard,model_account_invoice_import,account.group_account_invoice,1,1,1,1
