id,name,model_id:id,group_id:id,perm_read,perm_write,perm_create,perm_unlink
access_pending_sale_order,pending.sale.order.group_user,model_pending_sale_order,base.group_user,1,1,1,1
access_new_form_sales,new.form.sales.group_user,model_new_form_sales,base.group_user,1,1,1,1
access_sale_form_one,sale.form.one.group_user,model_sale_form_one,base.group_user,1,1,1,1
access_sales_invoice_form,sales.invoice.form.group_user,model_sales_invoice_form,base.group_user,1,1,1,1
access_sales_invoice,sales.invoice.group_user,model_sales_invoice,base.group_user,1,1,1,1
access_credit_debit,credit.debit.group_user,model_credit_debit,base.group_user,1,1,1,1
access_credit_debit_note,credit.debit.note.group_user,model_credit_debit_note,base.group_user,1,1,1,1
access_outstanding_delivery,outstanding.delivery.group_user,model_outstanding_delivery,base.group_user,1,1,1,1
access_outstanding_delivery_report,outstanding.delivery.report.group_user,model_outstanding_delivery_report,base.group_user,1,1,1,1
access_new_outstanding_delivery,new.outstanding.delivery.group_user,model_new_outstanding_delivery,base.group_user,1,1,1,1
access_purchase_order_report,purchase.order.report,model_purchase_order_report,,1,1,1,1
access_purchase_report_form,purchase.report.form,model_purchase_report_form,,1,1,1,1
access_item_wise,item.wise,model_item_wise,,1,1,1,1
access_item_wise_report,item.wise.report,model_item_wise_report,,1,1,1,1
access_import_purchase_report,import.purchase.report,model_import_purchase_report,,1,1,1,1
access_import_purchase,import.purchase,model_import_purchase,,1,1,1,1
access_debit_note,debit.note,model_debit_note,,1,1,1,1
access_debit_note_report,debit.note.report,model_debit_note_report,,1,1,1,1
access_payment_creditor,payment.creditor,model_payment_creditor,,1,1,1,1
access_payment_to_creditor,payment.to.creditor,model_payment_to_creditor,,1,1,1,1
access_advance_customer,advance.customer,model_advance_customer,,1,1,1,1
access_advance_from_customer,advance.from.customer,model_advance_from_customer,,1,1,1,1
access_advance_supplier,advance.supplier,model_advance_supplier,,1,1,1,1
access_advance_from_supplier,advance.from.supplier,model_advance_from_supplier,,1,1,1,1
access_non_invoice,non.invoice,model_non_invoice,,1,1,1,1
access_non_invoice_report,non.invoice.report,model_non_invoice_report,,1,1,1,1
access_new_sale_purchase_form,new.sale.purchase.form,model_new_sale_purchase_form,,1,1,1,1
access_profitability_report,profitability.report,model_profitability_report,,1,1,1,1
access_profitability_new_report,profitability.new.report,model_profitability_new_report,,1,1,1,1
