<?xml version="1.0" encoding="utf-8"?>
<odoo>
    <data noupdate="1">
        <record id="product_id_3" model="product.template">
            <field name="name">Tailoring Charge</field>
            <field name="type">service</field>
            <field name="invoice_policy">order</field>
        </record>
        <record id="cloth_req_seq_id" model="ir.sequence">
            <field name="name">cloth.req.number</field>
            <field name="code">cloth.reqnumber</field>
            <field name="prefix">CR</field>
            <field name="padding">3</field>
            <field name="company_id" eval="False"/>
        </record>
    </data>
</odoo>
