<?xml version="1.0" encoding="utf-8" ?>
<odoo noupdate="1">
    <record
        id="cron_edi_backend_check_output_exchange"
        model="ir.cron"
        forcecreate="True"
    >
        <field name="name">EDI exchange check status</field>
        <field name="active" eval="True" />
        <field name="user_id" ref="base.user_root" />
        <field name="interval_number">1</field>
        <field name="interval_type">hours</field>
        <field name="numbercall">-1</field>
        <field name="doall" eval="False" />
        <field name="model_id" ref="edi_oca.model_edi_backend" />
        <field name="state">code</field>
        <field name="code">model.search([])._cron_check_output_exchange_sync()</field>
    </record>
    <!-- TODO -->
    <record
        id="cron_edi_backend_check_input_exchange"
        model="ir.cron"
        forcecreate="True"
    >
        <field name="name">EDI exchange input status</field>
        <field name="active" eval="True" />
        <field name="user_id" ref="base.user_root" />
        <field name="interval_number">1</field>
        <field name="interval_type">hours</field>
        <field name="numbercall">-1</field>
        <field name="doall" eval="False" />
        <field name="model_id" ref="edi_oca.model_edi_backend" />
        <field name="state">code</field>
        <field name="code">model.search([])._cron_check_input_exchange_sync()</field>
    </record>
</odoo>
