<?xml version="1.0" encoding="utf-8" ?>
<odoo noupdate="1">
    <record model="ir.model.access" id="edi_exchange_template_output_manager">
        <field name="name">edi_exchange_template_output manager</field>
        <field name="model_id" ref="model_edi_exchange_template_output" />
        <field name="group_id" ref="base_edi.group_edi_manager" />
        <field name="perm_read" eval="1" />
        <field name="perm_create" eval="1" />
        <field name="perm_write" eval="1" />
        <field name="perm_unlink" eval="1" />
    </record>
</odoo>
